S/C,Event ID,Date,Time,CPA,Width,Vrad,Radial Accel.,Vexp,Expansion Accel.,Cross Id,Type,Sep. Angle,Comments
A,127.5500_0A,2007-03-02,01:12:00,    -999,    -999,    -999,    -999,    -999,    -999,NULL,L,       1, GAP ; HAL ; faint
B,NULL,NULL,NULL,    -999,    -999,    -999,    -999,    -999,    -999,127.5500_0A,Z,       0,NULL
A,128.3000_0A,2007-03-02,19:12:00,    -999,    -999,    -999,    -999,    -999,    -999,NULL,L,       1, HAL ; faint
B,NULL,NULL,NULL,    -999,    -999,    -999,    -999,    -999,    -999,128.3000_0A,Z,       0, GAP
A,129.4042_0Ac,2007-03-03,23:12:00,     289,      46,      -1,      -5,      93,       0,NULL,O,       1, faint
B,NULL,NULL,NULL,    -999,    -999,    -999,    -999,    -999,    -999,129.4042_0Ac,Z,       0,NULL
A,129.5917_0A,2007-03-04,02:12:00,    -999,    -999,    -999,    -999,    -999,    -999,NULL,O,       1, faint
B,NULL,NULL,NULL,    -999,    -999,    -999,    -999,    -999,    -999,129.5917_0A,Z,       0,NULL
A,130.4875_0A,2007-03-04,23:42:00,    -999,    -999,    -999,    -999,    -999,    -999,NULL,F,       1, faint
B,NULL,NULL,NULL,    -999,    -999,    -999,    -999,    -999,    -999,130.4875_0A,Z,       0,NULL
A,130.5708_0Ac,2007-03-05,02:12:00,      80,      28,     214,       5,      48,       1,NULL,F,       1, faint
B,NULL,NULL,NULL,    -999,    -999,    -999,    -999,    -999,    -999,130.5708_0Ac,Z,       0, GAP
A,130.6333_0A,2007-03-05,03:12:00,    -999,    -999,    -999,    -999,    -999,    -999,NULL,O,       1, OFL? ; faint
B,NULL,NULL,NULL,    -999,    -999,    -999,    -999,    -999,    -999,130.6333_0A,Z,       0,NULL
A,132.7375_0A,2007-03-07,05:42:00,    -999,    -999,    -999,    -999,    -999,    -999,NULL,F,       1, GAP
B,NULL,NULL,NULL,    -999,    -999,    -999,    -999,    -999,    -999,132.7375_0A,Z,       0, GAP
A,141.5292_0Ac,2007-03-16,04:42:00,      71,      13,     227,      11,      58,       3,NULL,O,       1, GAP ; faint
B,NULL,NULL,NULL,    -999,    -999,    -999,    -999,    -999,    -999,141.5292_0Ac,Z,       0,NULL
A,143.5500_0Ac,2007-03-18,04:12:00,     281,      31,      13,       0,     -77,      -1,NULL,F,       1, faint
B,NULL,NULL,NULL,    -999,    -999,    -999,    -999,    -999,    -999,143.5500_0Ac,Z,       0, GAP
A,144.8417_0Ac,2007-03-19,08:42:00,      74,      10,     141,     -39,      14,       1,NULL,O,       1,NULL
B,NULL,NULL,NULL,    -999,    -999,    -999,    -999,    -999,    -999,144.8417_0Ac,Z,       0, GAP
A,146.1125_0Ac,2007-03-20,15:42:00,     242,      12,      84,     -40,      50,     -23,NULL,U,       1,NULL
B,NULL,NULL,NULL,    -999,    -999,    -999,    -999,    -999,    -999,146.1125_0Ac,Z,       0, GAP
A,146.6125_0Ac,2007-03-21,05:12:00,      78,      32,      99,       1,     112,       1,NULL,F,       1,NULL
B,NULL,NULL,NULL,    -999,    -999,    -999,    -999,    -999,    -999,146.6125_0Ac,Z,       0, GAP
A,148.0500_0Ac,2007-03-22,17:12:00,      72,      26,      80,       0,      36,       0,NULL,O,       1, OFL
B,NULL,NULL,NULL,    -999,    -999,    -999,    -999,    -999,    -999,148.0500_0Ac,Z,       0, GAP
A,148.1958_0Ac,2007-03-22,22:12:00,     116,       8,      21,      -1,     -34,       0,NULL,U,       1, faint
B,NULL,NULL,NULL,    -999,    -999,    -999,    -999,    -999,    -999,148.1958_0Ac,Z,       0,NULL
A,148.3000_0Ac,2007-03-22,23:42:00,      74,      18,      38,      -1,       3,       0,NULL,F,       1, faint
B,NULL,NULL,NULL,    -999,    -999,    -999,    -999,    -999,    -999,148.3000_0Ac,Z,       0,NULL
A,150.7792_0Ac,2007-03-25,08:42:00,      87,      21,      -4,     -11,    -133,      -8,NULL,OP,       1, faint
B,NULL,NULL,NULL,    -999,    -999,    -999,    -999,    -999,    -999,150.7792_0Ac,Z,       0,NULL
A,151.1125_0A,2007-03-25,14:42:00,    -999,    -999,    -999,    -999,    -999,    -999,NULL,WP,       1, faint ; FF
B,NULL,NULL,NULL,    -999,    -999,    -999,    -999,    -999,    -999,151.1125_0A,Z,       0,NULL
A,151.6958_0Ac,2007-03-26,11:12:00,     237,       8,      34,       0,      15,       0,NULL,O,       2, faint ; SB?
B,NULL,NULL,NULL,    -999,    -999,    -999,    -999,    -999,    -999,151.6958_0Ac,Z,       0,NULL
A,153.0917_0Ac,2007-03-27,14:42:00,     251,      10,     153,     -21,     -40,       0,NULL,OP,       2,NULL
B,NULL,NULL,NULL,    -999,    -999,    -999,    -999,    -999,    -999,153.0917_0Ac,Z,       0, GAP
A,155.2132_0A,2007-03-29,17:07:30,    -999,    -999,    -999,    -999,    -999,    -999,NULL,U,       2, SUR
B,NULL,NULL,NULL,    -999,    -999,    -999,    -999,    -999,    -999,155.2132_0A,Z,       0, GAP
A,156.4424_0Ac,2007-03-31,09:37:30,     273,      38,     242,       7,     179,       4,NULL,F,       2, OFL
B,NULL,NULL,NULL,    -999,    -999,    -999,    -999,    -999,    -999,156.4424_0Ac,Z,       0, GAP
A,159.6507_0Ac,2007-04-03,04:07:30,     243,      17,     195,       2,      49,       1,NULL,F,       2, CS
B,NULL,NULL,NULL,    -999,    -999,    -999,    -999,    -999,    -999,159.6507_0Ac,Z,       0, GAP
A,160.6715_0Ac,2007-04-04,04:37:30,     106,      11,       7,     -11,       5,      -4,NULL,J,       2,NULL
B,NULL,NULL,NULL,    -999,    -999,    -999,    -999,    -999,    -999,160.6715_0Ac,Z,       0, GAP
A,165.3799_0A,2007-04-08,21:07:30,    -999,    -999,    -999,    -999,    -999,    -999,NULL,W,       2, FF
B,NULL,NULL,NULL,    -999,    -999,    -999,    -999,    -999,    -999,165.3799_0A,Z,       0, GAP
A,166.6299_0Ac,2007-04-10,05:37:30,     260,      30,     173,       3,     -12,      -5,NULL,O,       2, OFL
B,NULL,NULL,NULL,    -999,    -999,    -999,    -999,    -999,    -999,166.6299_0Ac,Z,       1, GAP
A,171.1090_0A,2007-04-14,14:37:30,    -999,    -999,    -999,    -999,    -999,    -999,NULL,W,       3, not FF
B,NULL,NULL,NULL,    -999,    -999,    -999,    -999,    -999,    -999,171.1090_0A,Z,       1, GAP
A,173.7132_0Ac,2007-04-17,06:37:30,     114,       3,     206,       0,       4,       0,NULL,O,       3,NULL
B,NULL,NULL,NULL,    -999,    -999,    -999,    -999,    -999,    -999,173.7132_0Ac,Z,       1, GAP
A,175.4007_0Ac,2007-04-19,01:07:30,      95,      39,     168,       3,     112,       1,NULL,F,       3, OFL
B,NULL,NULL,NULL,    -999,    -999,    -999,    -999,    -999,    -999,175.4007_0Ac,Z,       1, GAP
A,177.6507_0Ac,2007-04-21,10:07:30,      83,      36,     -17,       0,      12,      -1,NULL,U,       3,NULL
B,NULL,NULL,NULL,    -999,    -999,    -999,    -999,    -999,    -999,177.6507_0Ac,Z,       1, GAP
A,182.0049_0A,2007-04-25,12:07:30,    -999,    -999,    -999,    -999,    -999,    -999,NULL,U,       3, GAP ; faint
B,NULL,NULL,NULL,    -999,    -999,    -999,    -999,    -999,    -999,182.0049_0A,Z,       1,NULL
A,184.7757_0A,2007-04-28,06:37:30,    -999,    -999,    -999,    -999,    -999,    -999,NULL,O,       3, SUR?
B,NULL,NULL,NULL,    -999,    -999,    -999,    -999,    -999,    -999,184.7757_0A,Z,       1, GAP
A,185.5674_0A,2007-04-29,01:37:30,    -999,    -999,    -999,    -999,    -999,    -999,NULL,J,       4,NULL
B,NULL,NULL,NULL,    -999,    -999,    -999,    -999,    -999,    -999,185.5674_0A,Z,       1, GAP
A,187.2132_0A,2007-04-30,17:07:30,    -999,    -999,    -999,    -999,    -999,    -999,NULL,O,       4, faint ; GAP
B,NULL,NULL,NULL,    -999,    -999,    -999,    -999,    -999,    -999,187.2132_0A,Z,       1,NULL
A,188.0257_0A,2007-05-01,12:37:30,    -999,    -999,    -999,    -999,    -999,    -999,NULL,U,       4, CS ; OFL
B,NULL,NULL,NULL,    -999,    -999,    -999,    -999,    -999,    -999,188.0257_0A,Z,       1, GAP
A,189.4007_0A,2007-05-02,21:37:30,    -999,    -999,    -999,    -999,    -999,    -999,NULL,O,       4, OFL
B,NULL,NULL,NULL,    -999,    -999,    -999,    -999,    -999,    -999,189.4007_0A,Z,       1, GAP
A,191.7340_0Ac,2007-05-05,07:07:30,      88,      15,      19,     -18,     -29,     -10,NULL,W,       4, faint
B,NULL,NULL,NULL,    -999,    -999,    -999,    -999,    -999,    -999,191.7340_0Ac,Z,       2, GAP
A,192.5674_0Ac,2007-05-06,02:07:30,      81,      32,     333,      12,    -530,     -21,NULL,O,       4, SUR ;  OFL
B,NULL,NULL,NULL,    -999,    -999,    -999,    -999,    -999,    -999,192.5674_0Ac,Z,       2, GAP
A,194.1299_0A,2007-05-07,15:07:30,    -999,    -999,    -999,    -999,    -999,    -999,NULL,J,       4,NULL
B,NULL,NULL,NULL,    -999,    -999,    -999,    -999,    -999,    -999,194.1299_0A,Z,       2, GAP
A,194.7549_0Ac,2007-05-08,06:37:30,      85,      19,     232,     -40,      31,       1,NULL,O,       4, SUR
B,NULL,NULL,NULL,    -999,    -999,    -999,    -999,    -999,    -999,194.7549_0Ac,Z,       2, GAP
A,195.6090_0Ac,2007-05-09,04:07:30,      78,      52,     232,       1,     161,       0,NULL,F,       4, OFL
B,NULL,NULL,NULL,    -999,    -999,    -999,    -999,    -999,    -999,195.6090_0Ac,Z,       2, GAP
A,196.1090_0Ac,2007-05-09,16:07:30,     251,      38,    -100,     -55,    -198,     -32,NULL,OP,       4,NULL
B,NULL,NULL,NULL,    -999,    -999,    -999,    -999,    -999,    -999,196.1090_0Ac,Z,       2, GAP
A,201.1299_0Ac,2007-05-14,15:37:30,      69,      31,      88,       0,    -176,     -13,NULL,F,       5, HAL? ;  ; OFL
B,NULL,NULL,NULL,    -999,    -999,    -999,    -999,    -999,    -999,201.1299_0Ac,Z,       2, GAP
A,202.2965_0Ac,2007-05-15,19:37:30,      76,      72,     336,       4,     312,       1,NULL,FP,       5, PRM ;  OFL
B,NULL,NULL,NULL,    -999,    -999,    -999,    -999,    -999,    -999,202.2965_0Ac,Z,       2, GAP
A,203.2757_0Ac,2007-05-16,18:37:30,     270,       0,     520,   -7775,    -773,    -124,NULL,WP,       5, faint ; OVR ; FF
B,NULL,NULL,NULL,    -999,    -999,    -999,    -999,    -999,    -999,203.2757_0Ac,Z,       2,NULL
A,204.2965_0A,2007-05-17,19:07:30,    -999,    -999,    -999,    -999,    -999,    -999,NULL,O,       5, faint
B,NULL,NULL,NULL,    -999,    -999,    -999,    -999,    -999,    -999,204.2965_0A,Z,       2,NULL
A,206.0674_0A,2007-05-19,13:37:30,    -999,    -999,    -999,    -999,    -999,    -999,NULL,L,       5, HAL ; faint
B,NULL,NULL,NULL,    -999,    -999,    -999,    -999,    -999,    -999,206.0674_0A,Z,       2, GAP
A,206.7965_0Ac,2007-05-20,07:37:30,     169,      51,      68,     -24,     289,      -9,NULL,L,       5, HAL?
B,NULL,NULL,NULL,    -999,    -999,    -999,    -999,    -999,    -999,206.7965_0Ac,Z,       2, GAP
A,208.0257_0Ac,2007-05-21,12:37:30,      85,      57,     128,      -5,      97,       2,NULL,F,       5,NULL
B,NULL,NULL,NULL,    -999,    -999,    -999,    -999,    -999,    -999,208.0257_0Ac,Z,       3, GAP
A,208.6507_0A,2007-05-22,03:37:30,    -999,    -999,    -999,    -999,    -999,    -999,NULL,O,       5,NULL
B,NULL,NULL,NULL,    -999,    -999,    -999,    -999,    -999,    -999,208.6507_0A,Z,       3, GAP
A,209.1507_0Ac,2007-05-22,16:07:30,     249,      46,     318,       0,     112,       0,NULL,OP,       5,NULL
B,NULL,NULL,NULL,    -999,    -999,    -999,    -999,    -999,    -999,209.1507_0Ac,Z,       3, GAP
A,209.6507_0Ac,2007-05-23,08:07:30,      65,      27,      96,       0,     -10,       0,NULL,F,       6, OFL
B,NULL,NULL,NULL,    -999,    -999,    -999,    -999,    -999,    -999,209.6507_0Ac,Z,       3, GAP
A,209.8382_0Ac,2007-05-23,08:07:30,     256,      48,    1082,     122,     516,     234,NULL,FP,       6,NULL
B,NULL,NULL,NULL,    -999,    -999,    -999,    -999,    -999,    -999,209.8382_0Ac,Z,       3, GAP
A,211.3799_0A,2007-05-24,21:07:30,    -999,    -999,    -999,    -999,    -999,    -999,211.3799_0B,L,       6, GAP
B,211.3799_0B,2007-05-24,21:07:30,    -999,    -999,    -999,    -999,    -999,    -999,211.3799_0A,L,       3, GAP ; faint
A,212.5465_0Ac,2007-05-26,02:07:30,     106,       8,     237,       4,     -80,      -2,212.5465_0B,J,       6,NULL
B,212.5465_0B,2007-05-26,01:07:30,    -999,    -999,    -999,    -999,    -999,    -999,212.5465_0Ac,J,       3,NULL
A,213.4007_0A,2007-05-26,21:37:30,    -999,    -999,    -999,    -999,    -999,    -999,213.4007_0B,F,       6, GAP ; OFL
B,213.4007_0B,2007-05-26,21:37:30,    -999,    -999,    -999,    -999,    -999,    -999,213.4007_0A,F,       3, GAP ; OFL
A,215.4840_0Ac,2007-05-29,06:07:30,      93,      30,      38,       0,     133,       1,215.6090_0Bc,O,       6, OVR
B,215.6090_0Bc,2007-05-29,09:08:22,      95,      30,      34,       0,     -52,      -1,215.4840_0Ac,O,       3, OVR ;  faint
A,216.5049_0Ac,2007-05-30,00:37:30,      85,      35,      93,     -35,     -52,     -13,216.5049_0Bc,OP,       6, OFL
B,216.5049_0Bc,2007-05-30,00:38:22,      83,      38,     210,     -15,      81,      -6,216.5049_0Ac,OP,       3, OFL
A,217.4632_0A,2007-05-30,23:07:30,    -999,    -999,    -999,    -999,    -999,    -999,217.4840_0B,O,       6, faint
B,217.4840_0B,2007-05-30,23:37:30,    -999,    -999,    -999,    -999,    -999,    -999,217.4632_0A,O,       3, faint
A,218.8174_0Ac,2007-06-01,08:07:30,      87,      35,     111,     -30,     130,     -12,218.8174_0B,O,       6, OFL
B,218.8174_0B,2007-06-01,07:37:30,    -999,    -999,    -999,    -999,    -999,    -999,218.8174_0Ac,O,       3, OFL
A,219.5049_0Ac,2007-06-02,00:37:30,      98,       8,    -109,     -52,     -34,      -7,219.5257_0B,U,       6, OFL
B,219.5257_0B,2007-06-02,00:37:30,    -999,    -999,    -999,    -999,    -999,    -999,219.5049_0Ac,U,       3, OFL
A,219.5465_0A,2007-06-02,01:07:30,    -999,    -999,    -999,    -999,    -999,    -999,219.6715_0B,F,       6, OFL ;  OVR
B,219.6715_0B,2007-06-02,04:07:30,    -999,    -999,    -999,    -999,    -999,    -999,219.5465_0A,F,       3, faint ; OFL ;  ; OVR
A,220.9215_0Ac,2007-06-03,10:07:30,      80,      29,     251,       0,      72,      -9,220.9424_0Bc,O,       7,NULL
B,220.9424_0Bc,2007-06-03,10:38:23,      74,      12,     252,       0,     617,       0,220.9215_0Ac,O,       3, faint
A,221.8799_0Ac,2007-06-04,15:37:30,     248,      37,     153,       2,     135,       2,222.3590_0Bc,F,       7, PRM ;  OFL ;  Ha?
B,222.3590_0Bc,2007-06-05,03:08:24,     259,      17,     202,      11,     170,      -3,221.8799_0Ac,F,       3, PRM ; OFL
A,222.9215_0A,2007-06-05,10:07:30,    -999,    -999,    -999,    -999,    -999,    -999,222.9007_0B,J,       7,NULL
B,222.9007_0B,2007-06-05,09:37:30,    -999,    -999,    -999,    -999,    -999,    -999,222.9215_0A,J,       4,NULL
A,225.2757_0Ac,2007-06-07,20:07:30,     247,      34,     -34,      -8,       0,      -2,225.2965_0B,F,       7, OFL
B,225.2965_0B,2007-06-07,19:07:30,    -999,    -999,    -999,    -999,    -999,    -999,225.2757_0Ac,F,       4, OFL
A,227.8799_0Ac,2007-06-10,09:07:30,     114,      27,     199,       3,      -9,       0,227.9215_0Bc,O,       7,NULL
B,227.9215_0Bc,2007-06-10,11:38:26,     110,      29,     262,      17,      25,       4,227.8799_0Ac,O,       4,NULL
A,229.6299_0Ac,2007-06-12,03:37:30,      75,      42,      36,      -4,      63,       4,229.7132_0Bc,F,       7, OFL
B,229.7132_0Bc,2007-06-12,06:38:26,      71,      14,    -125,      -6,    -104,      -1,229.6299_0Ac,F,       4, OFL ;  faint
A,230.3174_0Ac,2007-06-12,21:07:30,     209,      17,      66,       0,     311,      13,230.3590_0B,W,       7, faint
B,230.3590_0B,2007-06-12,20:37:30,    -999,    -999,    -999,    -999,    -999,    -999,230.3174_0Ac,W,       4, faint
A,231.1924_0A,2007-06-13,16:37:30,    -999,    -999,    -999,    -999,    -999,    -999,231.2132_0B,O,       7, faint
B,231.2132_0B,2007-06-13,17:07:30,    -999,    -999,    -999,    -999,    -999,    -999,231.1924_0A,O,       4, faint
A,231.9840_0A,2007-06-14,11:37:30,    -999,    -999,    -999,    -999,    -999,    -999,232.0257_0Bc,U,       8, faint
B,232.0257_0Bc,2007-06-14,14:08:27,     244,      21,     317,       0,     108,      -4,231.9840_0A,U,       4, faint
A,234.8799_0A,2007-06-17,09:07:30,    -999,    -999,    -999,    -999,    -999,    -999,234.9007_0Bc,F,       8,NULL
B,234.9007_0Bc,2007-06-17,11:08:28,     286,      18,      48,     -12,       9,       1,234.8799_0A,O,       4,NULL
A,237.1090_0Ac,2007-06-19,15:07:30,     267,      40,     -78,     -15,     103,       4,237.1299_0B,O,       8,NULL
B,237.1299_0B,2007-06-19,15:07:30,    -999,    -999,    -999,    -999,    -999,    -999,237.1090_0Ac,O,       5,NULL
A,237.4215_0A,2007-06-19,22:07:30,    -999,    -999,    -999,    -999,    -999,    -999,237.4424_0B,OP,       8,NULL
B,237.4424_0B,2007-06-19,22:37:30,    -999,    -999,    -999,    -999,    -999,    -999,237.4215_0A,OP,       5,NULL
A,240.0049_0Ac,2007-06-22,12:37:30,      70,      17,      59,     -12,      70,       4,240.0257_0Bc,O,       8,NULL
B,240.0257_0Bc,2007-06-22,13:38:29,      71,      13,      43,     -16,     -12,     -10,240.0049_0Ac,O,       5,NULL
A,241.0049_0Ac,2007-06-23,13:37:30,      64,      15,     -60,     -15,     -11,      -1,241.0465_0B,O,       8, faint
B,241.0465_0B,2007-06-23,13:07:30,    -999,    -999,    -999,    -999,    -999,    -999,241.0049_0Ac,O,       5, faint
A,242.2340_0A,2007-06-24,17:37:30,    -999,    -999,    -999,    -999,    -999,    -999,242.2549_0B,O,       9, faint
B,242.2549_0B,2007-06-24,18:07:30,    -999,    -999,    -999,    -999,    -999,    -999,242.2340_0A,O,       5, faint
A,244.6507_0Ac,2007-06-27,07:37:29,     237,      43,      53,       0,       7,       0,244.9840_0Bc,F,       9, OFL
B,244.9840_0Bc,2007-06-27,15:38:30,     243,      37,     318,     -46,     119,       1,244.6507_0Ac,F,       5, OFL
A,247.1090_0Ac,2007-06-29,21:07:30,     260,      26,     163,       3,      52,       2,247.4840_0Bc,F,       9, OFL
B,247.4840_0Bc,2007-06-30,04:08:31,     262,      21,     140,       4,      81,       0,247.1090_0Ac,F,       6, OFL
A,247.5674_0A,2007-06-30,01:37:30,    -999,    -999,    -999,    -999,    -999,    -999,247.5882_0B,J,       9,NULL
B,247.5882_0B,2007-06-30,02:07:30,    -999,    -999,    -999,    -999,    -999,    -999,247.5674_0A,J,       6,NULL
A,247.8590_0A,2007-06-30,08:37:30,    -999,    -999,    -999,    -999,    -999,    -999,247.7965_0B,FP,       9, OVR
B,247.7965_0B,2007-06-30,07:07:30,    -999,    -999,    -999,    -999,    -999,    -999,247.8590_0A,FP,       6, OVR
A,251.9424_0A,2007-07-04,10:37:30,    -999,    -999,    -999,    -999,    -999,    -999,252.0049_0B,J,      10,NULL
B,252.0049_0B,2007-07-04,12:07:30,    -999,    -999,    -999,    -999,    -999,    -999,251.9424_0A,J,       6,NULL
A,253.1924_0A,2007-07-05,16:37:30,    -999,    -999,    -999,    -999,    -999,    -999,253.2132_0B,J,      10,NULL
B,253.2132_0B,2007-07-05,17:07:30,    -999,    -999,    -999,    -999,    -999,    -999,253.1924_0A,J,       6, bleed
A,255.5882_0Ac,2007-07-08,03:37:30,      94,       6,      16,      -1,     -29,       0,255.5257_0Bc,F,      10, SB
B,255.5257_0Bc,2007-07-08,07:08:32,      92,      26,      42,      -1,      93,       2,255.5882_0Ac,F,       6, SB
A,256.2549_0Ac,2007-07-08,19:37:30,      92,      26,     190,       0,     395,      21,256.3382_0B,FP,      10, OFL
B,256.3382_0B,2007-07-08,20:07:30,    -999,    -999,    -999,    -999,    -999,    -999,256.2549_0Ac,FP,       6, OFL
A,256.6715_0A,2007-07-09,04:07:30,    -999,    -999,    -999,    -999,    -999,    -999,256.7965_0B,L,      10, faint
B,256.7965_0B,2007-07-09,07:07:30,    -999,    -999,    -999,    -999,    -999,    -999,256.6715_0A,L,       6, faint ; OVR
A,257.3174_0Ac,2007-07-09,21:07:30,      73,      36,     322,      16,     240,      48,257.4840_0B,FP,      10, OVR
B,257.4840_0B,2007-07-09,23:37:30,    -999,    -999,    -999,    -999,    -999,    -999,257.3174_0Ac,LP,       6, faint ; OVR
A,258.7340_0A,2007-07-11,05:37:30,    -999,    -999,    -999,    -999,    -999,    -999,258.8799_0B,FP,      10, GAP
B,258.8799_0B,2007-07-11,09:07:30,    -999,    -999,    -999,    -999,    -999,    -999,258.7340_0A,FP,       7, GAP
A,260.5049_0A,2007-07-13,00:07:30,    -999,    -999,    -999,    -999,    -999,    -999,260.5465_0B,F,      11, faint
B,260.5465_0B,2007-07-13,01:07:30,    -999,    -999,    -999,    -999,    -999,    -999,260.5049_0A,F,       7, faint
A,263.8174_0A,2007-07-16,07:37:30,    -999,    -999,    -999,    -999,    -999,    -999,263.8382_0B,J,      11,NULL
B,263.8382_0B,2007-07-16,08:07:30,    -999,    -999,    -999,    -999,    -999,    -999,263.8174_0A,J,       7, bleed
A,264.0674_0A,2007-07-16,13:37:30,    -999,    -999,    -999,    -999,    -999,    -999,264.0882_0B,O,      11, faint
B,264.0882_0B,2007-07-16,14:07:30,    -999,    -999,    -999,    -999,    -999,    -999,264.0674_0A,O,       7, faint ;  GAP
A,266.0882_0Ac,2007-07-18,14:07:30,     260,      24,     114,       0,      37,       0,266.2549_0B,F,      11,NULL
B,266.2549_0B,2007-07-18,18:07:30,    -999,    -999,    -999,    -999,    -999,    -999,266.0882_0Ac,F,       7, faint
A,270.6299_0A,2007-07-23,03:07:30,    -999,    -999,    -999,    -999,    -999,    -999,NULL,J,      12,NULL
B,NULL,NULL,NULL,    -999,    -999,    -999,    -999,    -999,    -999,270.6299_0A,Z,       8,NULL
A,271.4424_0Ac,2007-07-23,23:07:30,     101,      40,     438,       0,     -33,     -97,271.5257_0B,U,      12,NULL
B,271.5257_0B,2007-07-24,00:37:30,    -999,    -999,    -999,    -999,    -999,    -999,271.4424_0Ac,U,       8, GAP
A,272.5674_0Ac,2007-07-25,02:07:30,     280,      23,     146,       0,     -68,       1,272.6715_0Bc,U,      12,NULL
B,272.6715_0Bc,2007-07-25,04:38:34,     275,       8,      25,      -3,     -41,      -2,272.5674_0Ac,U,       8,NULL
A,274.2965_0Ac,2007-07-26,20:37:30,     234,      37,      29,      -1,      44,       1,274.4215_0Bc,O,      12,NULL
B,274.4215_0Bc,2007-07-27,04:38:34,     234,      16,     165,       0,      71,      -1,274.2965_0Ac,O,       8,NULL
A,275.5049_0Ac,2007-07-28,00:37:30,     275,      29,     239,       0,    -455,       0,275.5465_0B,U,      12, faint
B,275.5465_0B,2007-07-28,01:07:30,    -999,    -999,    -999,    -999,    -999,    -999,275.5049_0Ac,U,       8, faint
A,276.5465_0A,2007-07-29,01:07:30,    -999,    -999,    -999,    -999,    -999,    -999,276.5674_0B,U,      12,NULL
B,276.5674_0B,2007-07-29,01:37:30,    -999,    -999,    -999,    -999,    -999,    -999,276.5465_0A,U,       8, GAP
A,276.5674_0Ac,2007-07-29,01:52:30,     282,      47,     505,     -42,     126,     -20,276.5882_0Bc,F,      12, OFL
B,276.5882_0Bc,2007-07-29,02:38:34,     274,      30,     558,       0,    1100,       0,276.5674_0Ac,F,       8, GAP
A,276.8590_0A,2007-07-29,08:37:30,    -999,    -999,    -999,    -999,    -999,    -999,NULL,J,      12,NULL
B,NULL,NULL,NULL,    -999,    -999,    -999,    -999,    -999,    -999,276.8590_0A,Z,       8,NULL
A,277.7132_0Ac,2007-07-30,05:07:30,     278,     100,     283,       0,    1117,      35,277.7340_0B,FS,      12, HAL
B,277.7340_0B,2007-07-30,05:37:30,    -999,    -999,    -999,    -999,    -999,    -999,277.7132_0Ac,FS,       9, HAL
A,280.5882_0A,2007-08-02,02:07:30,    -999,    -999,    -999,    -999,    -999,    -999,281.3590_0B,W,      13, faint
B,281.3590_0B,2007-08-02,20:37:30,    -999,    -999,    -999,    -999,    -999,    -999,280.5882_0A,W,       9, GAP ; faint
A,282.1507_0A,2007-08-03,15:37:30,    -999,    -999,    -999,    -999,    -999,    -999,282.3590_0B,O,      13, faint
B,282.3590_0B,2007-08-03,20:37:30,    -999,    -999,    -999,    -999,    -999,    -999,282.1507_0A,O,       9, HAL ; faint ; GAP
A,283.2549_0Ac,2007-08-04,20:37:30,     261,      29,     247,      -6,      59,      -4,283.4632_0B,F,      13,NULL
B,283.4632_0B,2007-08-04,23:07:30,    -999,    -999,    -999,    -999,    -999,    -999,283.2549_0Ac,O,       9, faint ; GAP
A,284.9215_0A,2007-08-06,10:07:30,    -999,    -999,    -999,    -999,    -999,    -999,NULL,W,      13, FF
B,NULL,NULL,NULL,    -999,    -999,    -999,    -999,    -999,    -999,284.9215_0A,Z,       9, faint
A,285.2132_0Ac,2007-08-06,17:37:30,      88,      44,      13,     -32,      40,       0,NULL,WP,      13, faint ; FF
B,NULL,NULL,NULL,    -999,    -999,    -999,    -999,    -999,    -999,285.2132_0Ac,Z,       9, faint
A,285.4840_0A,2007-08-06,23:37:30,    -999,    -999,    -999,    -999,    -999,    -999,285.5465_0B,U,      13, faint
B,285.5465_0B,2007-08-07,01:07:30,    -999,    -999,    -999,    -999,    -999,    -999,285.4840_0A,U,       9, faint
A,286.9007_0Ac,2007-08-08,12:37:30,      90,      55,     267,       9,     206,      17,286.9215_0B,F,      13, OFL
B,286.9215_0B,2007-08-08,10:07:30,    -999,    -999,    -999,    -999,    -999,    -999,286.9007_0Ac,F,       9,NULL
A,290.5882_0A,2007-08-12,02:07:30,    -999,    -999,    -999,    -999,    -999,    -999,290.6090_0B,U,      14, faint
B,290.6090_0B,2007-08-12,02:37:30,    -999,    -999,    -999,    -999,    -999,    -999,290.5882_0A,U,      10, faint
A,292.2132_0A,2007-08-13,17:07:30,    -999,    -999,    -999,    -999,    -999,    -999,292.1924_0B,J,      14,NULL
B,292.1924_0B,2007-08-13,16:37:30,    -999,    -999,    -999,    -999,    -999,    -999,292.2132_0A,J,      10,NULL
A,293.2340_0A,2007-08-14,17:37:30,    -999,    -999,    -999,    -999,    -999,    -999,293.2757_0B,U,      14, faint
B,293.2757_0B,2007-08-14,18:37:30,    -999,    -999,    -999,    -999,    -999,    -999,293.2340_0A,U,      10, GAP
A,295.9632_0A,2007-08-17,11:07:30,    -999,    -999,    -999,    -999,    -999,    -999,295.9632_0B,W,      14, faint ; FF
B,295.9632_0B,2007-08-17,11:07:30,    -999,    -999,    -999,    -999,    -999,    -999,295.9632_0A,W,      10, bleed
A,296.3590_0A,2007-08-17,20:37:30,    -999,    -999,    -999,    -999,    -999,    -999,296.3799_0B,UP,      14, OVR
B,296.3799_0B,2007-08-17,21:07:30,    -999,    -999,    -999,    -999,    -999,    -999,296.3590_0A,UP,      10, OVR
A,296.5049_0Ac,2007-08-18,00:37:30,      93,      15,      53,      -9,     -75,      -7,296.5257_0B,UP,      14, OVR
B,296.5257_0B,2007-08-18,00:37:30,    -999,    -999,    -999,    -999,    -999,    -999,296.5049_0Ac,UP,      11, OVR
A,297.0049_0A,2007-08-18,12:07:30,    -999,    -999,    -999,    -999,    -999,    -999,297.0257_0B,JP,      14, OVR
B,297.0257_0B,2007-08-18,12:37:30,    -999,    -999,    -999,    -999,    -999,    -999,297.0049_0A,JP,      11, OVR
A,297.6715_0A,2007-08-19,04:07:30,    -999,    -999,    -999,    -999,    -999,    -999,297.6715_0B,O,      14, faint
B,297.6715_0B,2007-08-19,04:07:30,    -999,    -999,    -999,    -999,    -999,    -999,297.6715_0A,O,      11, faint
A,299.8174_0Ac,2007-08-21,08:37:30,     256,      38,     392,      13,     250,      10,299.9215_0Bc,F,      14, OFL
B,299.9215_0Bc,2007-08-21,11:08:33,     260,      25,     386,      24,     330,      15,299.8174_0Ac,F,      11,NULL
A,302.6507_0Ac,2007-08-24,04:07:30,     106,      56,      30,      -8,    -195,     -12,NULL,O,      15, 2?
B,NULL,NULL,NULL,    -999,    -999,    -999,    -999,    -999,    -999,302.6507_0Ac,Z,      11,NULL
A,303.7549_0Ac,2007-08-25,06:37:30,     273,       8,      47,     -16,     -73,     -18,303.8382_0B,J,      15, faint
B,303.8382_0B,2007-08-25,08:07:30,    -999,    -999,    -999,    -999,    -999,    -999,303.7549_0Ac,J,      11, faint
A,305.6090_0A,2007-08-27,02:37:30,    -999,    -999,    -999,    -999,    -999,    -999,NULL,J,      15,NULL
B,NULL,NULL,NULL,    -999,    -999,    -999,    -999,    -999,    -999,305.6090_0A,Z,      11,NULL
A,305.7132_0A,2007-08-27,05:07:30,    -999,    -999,    -999,    -999,    -999,    -999,305.7340_0Bc,F,      15,NULL
B,305.7340_0Bc,2007-08-27,09:38:32,      80,      15,     124,       3,      59,       2,305.7132_0A,F,      11,NULL
A,310.4007_0Ac,2007-08-31,22:07:30,     246,      43,     322,      -4,      79,     -10,310.4424_0Bc,F,      15, OFL
B,310.4424_0Bc,2007-09-01,00:38:31,     253,      43,     352,       0,     133,      -6,310.4007_0Ac,F,      12, GAP
A,317.9007_0Ac,2007-09-08,12:07:30,     289,      28,     -12,      -5,      50,      -1,317.9007_0B,U,      16,NULL
B,317.9007_0B,2007-09-08,09:37:30,    -999,    -999,    -999,    -999,    -999,    -999,317.9007_0Ac,U,      13,NULL
A,321.6090_0Ac,2007-09-12,03:07:30,     256,      14,      69,       0,     -45,       0,NULL,J,      16,NULL
B,NULL,NULL,NULL,    -999,    -999,    -999,    -999,    -999,    -999,321.6090_0Ac,Z,      13, bleed
A,321.9632_0A,2007-09-12,11:07:30,    -999,    -999,    -999,    -999,    -999,    -999,NULL,J,      16, faint
B,NULL,NULL,NULL,    -999,    -999,    -999,    -999,    -999,    -999,321.9632_0A,Z,      13,NULL
A,323.3382_0A,2007-09-13,20:07:30,    -999,    -999,    -999,    -999,    -999,    -999,323.3799_0B,J,      16, faint
B,323.3799_0B,2007-09-13,21:07:30,    -999,    -999,    -999,    -999,    -999,    -999,323.3382_0A,J,      13, faint
A,325.9840_0Ac,2007-09-16,11:37:30,     104,      16,     -66,     -21,       1,       0,NULL,W,      17, FF
B,NULL,NULL,NULL,    -999,    -999,    -999,    -999,    -999,    -999,325.9840_0Ac,Z,      14,NULL
A,327.7757_0Ac,2007-09-18,07:07:30,     119,      20,     -84,     -41,       9,      -6,NULL,J,      17,NULL
B,NULL,NULL,NULL,    -999,    -999,    -999,    -999,    -999,    -999,327.7757_0Ac,Z,      14,NULL
A,328.7340_0Ac,2007-09-19,07:07:30,     253,      21,      71,       0,      14,       0,329.0465_0B,O,      17, OFL
B,329.0465_0B,2007-09-19,13:07:30,    -999,    -999,    -999,    -999,    -999,    -999,328.7340_0Ac,O,      14, OFL
A,331.4215_0A,2007-09-21,22:07:30,    -999,    -999,    -999,    -999,    -999,    -999,NULL,J,      17,NULL
B,NULL,NULL,NULL,    -999,    -999,    -999,    -999,    -999,    -999,331.4215_0A,Z,      14,NULL
A,332.0049_0A,2007-09-22,12:07:30,    -999,    -999,    -999,    -999,    -999,    -999,332.4840_0B,F,      17, OFL
B,332.4840_0B,2007-09-22,23:37:30,    -999,    -999,    -999,    -999,    -999,    -999,332.0049_0A,F,      14, OFL
A,333.0049_0A,2007-09-23,12:07:30,    -999,    -999,    -999,    -999,    -999,    -999,332.9215_0Bc,F,      17,NULL
B,332.9215_0Bc,2007-09-23,10:38:26,      76,       8,     202,       9,      31,       2,333.0049_0A,F,      14,NULL
A,333.3799_0Ac,2007-09-23,21:37:30,     207,      35,       2,      -2,   -1129,      38,333.3799_0B,W,      17, FF
B,333.3799_0B,2007-09-23,21:07:30,    -999,    -999,    -999,    -999,    -999,    -999,333.3799_0Ac,W,      14, FF
A,333.7757_0A,2007-09-24,06:37:30,    -999,    -999,    -999,    -999,    -999,    -999,333.7965_0Bc,FP,      17, faint ; OVR ; OFL
B,333.7965_0Bc,2007-09-24,13:38:26,      79,      34,     113,      -1,      51,       2,333.7757_0A,FP,      15, OVR ; faint ; OFL
A,335.3174_0A,2007-09-25,19:37:30,    -999,    -999,    -999,    -999,    -999,    -999,NULL,J,      17,NULL
B,NULL,NULL,NULL,    -999,    -999,    -999,    -999,    -999,    -999,335.3174_0A,Z,      15,NULL
A,335.6715_0Ac,2007-09-26,04:07:30,     248,      14,      21,     -44,      44,       7,NULL,J,      17,NULL
B,NULL,NULL,NULL,    -999,    -999,    -999,    -999,    -999,    -999,335.6715_0Ac,Z,      15, bleed
A,336.1924_0A,2007-09-26,16:37:30,    -999,    -999,    -999,    -999,    -999,    -999,336.2132_0B,J,      17,NULL
B,336.2132_0B,2007-09-26,17:07:30,    -999,    -999,    -999,    -999,    -999,    -999,336.1924_0A,J,      15,NULL
A,340.6507_0Ac,2007-10-01,03:37:30,     268,      14,      33,     -11,      11,       0,NULL,J,      18,NULL
B,NULL,NULL,NULL,    -999,    -999,    -999,    -999,    -999,    -999,340.6507_0Ac,Z,      15, GAP
A,343.1299_0A,2007-10-03,15:07:30,    -999,    -999,    -999,    -999,    -999,    -999,NULL,O,      18, faint
B,NULL,NULL,NULL,    -999,    -999,    -999,    -999,    -999,    -999,343.1299_0A,Z,      15, HAL? ; faint
A,344.0465_0Ac,2007-10-04,17:07:30,      92,      10,     -15,      -4,     -13,      -1,343.8174_0B,U,      18,NULL
B,343.8174_0B,2007-10-04,07:37:30,    -999,    -999,    -999,    -999,    -999,    -999,344.0465_0Ac,U,      16,NULL
A,348.1507_0Ac,2007-10-08,17:07:30,     277,      48,      10,      -4,      21,      -1,348.0882_0Bc,F,      18,NULL
B,348.0882_0Bc,2007-10-08,16:38:22,     279,      39,     223,       3,     119,       4,348.1507_0Ac,F,      16,NULL
A,350.8799_0Ac,2007-10-11,10:07:30,     108,       7,     176,     -62,       9,       0,350.9215_0B,J,      18, OFL
B,350.9215_0B,2007-10-11,10:07:54,    -999,    -999,    -999,    -999,    -999,    -999,350.8799_0Ac,J,      16,NULL
A,351.9632_0A,2007-10-12,11:07:30,    -999,    -999,    -999,    -999,    -999,    -999,NULL,J,      18,NULL
B,NULL,NULL,NULL,    -999,    -999,    -999,    -999,    -999,    -999,351.9632_0A,Z,      16,NULL
A,354.9007_0Ac,2007-10-15,11:07:30,     105,      17,      83,     -20,      17,      -5,NULL,U,      18,NULL
B,NULL,NULL,NULL,    -999,    -999,    -999,    -999,    -999,    -999,354.9007_0Ac,Z,      17,NULL
A,356.3382_0Ac,2007-10-16,23:37:30,      49,      57,      39,       0,    -232,      -3,356.3174_0B,L,      18, OFL
B,356.3174_0B,2007-10-16,19:37:30,    -999,    -999,    -999,    -999,    -999,    -999,356.3382_0Ac,F,      17,NULL
A,NULL,NULL,NULL,    -999,    -999,    -999,    -999,    -999,    -999,356.8382_0B,Z,      19,NULL
B,356.8382_0B,2007-10-17,08:07:30,    -999,    -999,    -999,    -999,    -999,    -999,NULL,U,      17,NULL
A,357.9632_0A,2007-10-18,11:07:30,    -999,    -999,    -999,    -999,    -999,    -999,357.8799_0B,W,      19,NULL
B,357.8799_0B,2007-10-18,09:07:30,    -999,    -999,    -999,    -999,    -999,    -999,357.9632_0A,W,      17,NULL
A,361.5465_0Ac,2007-10-22,02:37:30,     100,      36,     342,     -14,     595,     -17,361.4840_0Bc,F,      19, OFL ;  ; ROTATED
B,361.4840_0Bc,2007-10-22,02:08:17,      91,      36,     235,       5,     259,      14,361.5465_0Ac,F,      17, OFL ;  ROTATED
A,367.6090_0A,2007-10-28,02:37:54,    -999,    -999,    -999,    -999,    -999,    -999,367.6924_0B,J,      19,NULL
B,367.6924_0B,2007-10-28,04:37:54,    -999,    -999,    -999,    -999,    -999,    -999,367.6090_0A,J,      18, faint
A,370.4007_0A,2007-10-30,21:37:54,    -999,    -999,    -999,    -999,    -999,    -999,370.4632_0B,U,      19,NULL
B,370.4632_0B,2007-10-30,23:07:54,    -999,    -999,    -999,    -999,    -999,    -999,370.4007_0A,U,      18, faint
A,373.4007_0A,2007-11-02,21:37:54,    -999,    -999,    -999,    -999,    -999,    -999,NULL,J,      19,NULL
B,NULL,NULL,NULL,    -999,    -999,    -999,    -999,    -999,    -999,373.4007_0A,Z,      18,NULL
A,374.8174_0Ac,2007-11-04,11:37:30,      83,      40,     159,      -1,      93,       5,375.2757_0B,F,      19, PRM
B,375.2757_0B,2007-11-04,18:37:54,    -999,    -999,    -999,    -999,    -999,    -999,374.8174_0Ac,L,      19, HAL ; faint
A,380.6924_0A,2007-11-10,04:37:54,    -999,    -999,    -999,    -999,    -999,    -999,NULL,J,      20,NULL
B,NULL,NULL,NULL,    -999,    -999,    -999,    -999,    -999,    -999,380.6924_0A,Z,      19,NULL
A,381.8590_0A,2007-11-11,08:37:54,    -999,    -999,    -999,    -999,    -999,    -999,NULL,J,      20,NULL
B,NULL,NULL,NULL,    -999,    -999,    -999,    -999,    -999,    -999,381.8590_0A,Z,      19,NULL
A,382.6715_0Ac,2007-11-12,04:07:30,      85,      16,    -188,     -68,     -62,      -1,382.7132_0Bc,W,      20, FF
B,382.7132_0Bc,2007-11-12,05:38:09,      80,      25,     683,      66,     418,      16,382.6715_0Ac,W,      19, FF ; faint
A,385.1924_0Ac,2007-11-14,18:07:30,     240,      46,     284,      10,     195,       5,385.1715_0Bc,F,      20, PRM ; OFL ; CS
B,385.1715_0Bc,2007-11-14,17:38:08,     252,      34,     279,      10,     165,       9,385.1924_0Ac,F,      19, PRM ; OFL
A,386.0049_0A,2007-11-15,12:07:54,    -999,    -999,    -999,    -999,    -999,    -999,386.2549_0B,L,      20, faint
B,386.2549_0B,2007-11-15,18:07:54,    -999,    -999,    -999,    -999,    -999,    -999,386.0049_0A,LP,      20, faint ; OVR
A,386.8799_0Ac,2007-11-16,10:37:30,     260,      33,     364,      11,     148,       5,386.9840_0Bc,FP,      20, 3P ; Ha ;  OFL
B,386.9840_0Bc,2007-11-16,12:38:07,     250,      17,     -26,     -11,       3,     -22,386.8799_0Ac,FP,      20, OFL
A,391.9215_0A,2007-11-21,10:07:54,    -999,    -999,    -999,    -999,    -999,    -999,391.9215_0B,O,      20, faint
B,391.9215_0B,2007-11-21,10:07:54,    -999,    -999,    -999,    -999,    -999,    -999,391.9215_0A,O,      20, faint
A,392.4632_0A,2007-11-21,23:07:54,    -999,    -999,    -999,    -999,    -999,    -999,NULL,J,      20,NULL
B,NULL,NULL,NULL,    -999,    -999,    -999,    -999,    -999,    -999,392.4632_0A,Z,      20,NULL
A,396.4632_0Ac,2007-11-26,03:07:30,      91,      23,      21,      -7,      18,       1,396.4632_0Bc,O,      20, OFL
B,396.4632_0Bc,2007-11-26,03:08:04,      91,      17,     232,      11,     -51,       0,396.4632_0Ac,O,      20, OFL
A,401.4632_0A,2007-11-30,23:07:54,    -999,    -999,    -999,    -999,    -999,    -999,401.4632_0B,F,      20,NULL
B,401.4632_0B,2007-11-30,23:07:54,    -999,    -999,    -999,    -999,    -999,    -999,401.4632_0A,F,      21,NULL
A,403.9632_0A,2007-12-03,11:07:54,    -999,    -999,    -999,    -999,    -999,    -999,NULL,J,      20,NULL
B,NULL,NULL,NULL,    -999,    -999,    -999,    -999,    -999,    -999,403.9632_0A,Z,      21,NULL
A,404.7549_0Ac,2007-12-04,08:07:30,     286,      43,     185,       1,     158,       5,404.7549_0Bc,F,      20, 3P ;  OFL
B,404.7549_0Bc,2007-12-04,08:38:01,     281,      33,     223,       6,     118,       6,404.7549_0Ac,F,      21, 3P ; OFL
A,404.7965_0A,2007-12-04,07:07:54,    -999,    -999,    -999,    -999,    -999,    -999,NULL,U,      20,NULL
B,NULL,NULL,NULL,    -999,    -999,    -999,    -999,    -999,    -999,404.7965_0A,Z,      21,NULL
A,405.5882_0Ac,2007-12-05,06:07:30,     106,      41,      19,       0,      30,       1,405.7132_0B,O,      20, OFL
B,405.7132_0B,2007-12-05,05:07:54,    -999,    -999,    -999,    -999,    -999,    -999,405.5882_0Ac,O,      21, OFL
A,407.7757_0A,2007-12-07,06:37:54,    -999,    -999,    -999,    -999,    -999,    -999,407.7757_0Bc,W,      20, faint ; FF
B,407.7757_0Bc,2007-12-07,06:37:59,     285,      14,      -2,     -11,    -379,     -26,407.7757_0A,W,      21, FF
A,NULL,NULL,NULL,    -999,    -999,    -999,    -999,    -999,    -999,409.3590_0B,Z,      20,NULL
B,409.3590_0B,2007-12-08,20:37:54,    -999,    -999,    -999,    -999,    -999,    -999,NULL,O,      21,NULL
A,409.4424_0Ac,2007-12-08,22:37:30,      95,       8,      16,     -52,      21,     -11,NULL,U,      20, SUR?
B,NULL,NULL,NULL,    -999,    -999,    -999,    -999,    -999,    -999,409.4424_0Ac,Z,      21,NULL
A,411.8799_0A,2007-12-11,09:07:54,    -999,    -999,    -999,    -999,    -999,    -999,NULL,J,      20,NULL
B,NULL,NULL,NULL,    -999,    -999,    -999,    -999,    -999,    -999,411.8799_0A,Z,      21,NULL
A,413.0049_0A,2007-12-12,12:07:54,    -999,    -999,    -999,    -999,    -999,    -999,413.0465_0B,J,      20,NULL
B,413.0465_0B,2007-12-12,13:07:54,    -999,    -999,    -999,    -999,    -999,    -999,413.0049_0A,J,      21,NULL
A,415.6924_0Ac,2007-12-15,06:07:30,     297,      15,     296,       0,      89,       0,415.6924_0Bc,U,      20, OFL
B,415.6924_0Bc,2007-12-15,06:07:57,     294,       6,    -146,     -98,      10,       3,415.6924_0Ac,U,      22, OFL
A,416.9840_0A,2007-12-16,11:37:54,    -999,    -999,    -999,    -999,    -999,    -999,416.7965_0Bc,L,      20,NULL
B,416.7965_0Bc,2007-12-16,08:37:56,     103,      37,      42,      -3,     212,       2,416.9840_0A,F,      22, faint ;  HAL?
A,423.5257_0A,2007-12-23,00:37:54,    -999,    -999,    -999,    -999,    -999,    -999,NULL,F,      21,NULL
B,NULL,NULL,NULL,    -999,    -999,    -999,    -999,    -999,    -999,423.5257_0A,Z,      22, GAP
A,425.1507_0Ac,2007-12-24,19:37:30,      97,      23,      64,       0,     -47,       0,NULL,F,      21, OFL
B,NULL,NULL,NULL,    -999,    -999,    -999,    -999,    -999,    -999,425.1507_0Ac,Z,      22, GAP
A,427.0674_0Ac,2007-12-26,14:07:30,     110,      17,      88,     -51,      33,     -14,NULL,J,      21,NULL
B,NULL,NULL,NULL,    -999,    -999,    -999,    -999,    -999,    -999,427.0674_0Ac,Z,      22,NULL
A,431.5674_0Ac,2007-12-31,01:37:30,     120,      72,     760,       0,     539,     -74,431.5674_0Bc,FS,      21, DPL ;  OFL
B,431.5674_0Bc,2007-12-31,01:37:52,     118,      78,     800,     -16,     747,    -171,431.5674_0Ac,FS,      22, DPL ;  OFL
